0x80,0x00,0x00
0x80,0x02,0x00
0x80,0x03,0x00
0x80,0x04,0x00
0x80,0x05,0x00
0x80,0x06,0x00
0x80,0x0c,0x00
0x80,0x0d,0x00
0x81,0x00,0x00
0x81,0x01,0x00
0x81,0x03,0x00
0x81,0x04,0x00
0x81,0x05,0x00
0x81,0x06,0x00
0x81,0x07,0x00
0x81,0x08,0x00
0x81,0x09,0x00
0x81,0x0b,0x00
0x81,0x0c,0x00
0x81,0x0d,0x00
0x81,0x0e,0x00
0x81,0x0f,0x00
0x81,0x10,0x00
0x81,0x11,0x00
0x81,0x13,0x00
0x81,0x14,0x00
0x81,0x15,0x00
0x81,0x16,0x00
0x81,0x17,0x00
0x81,0x18,0x00
0x81,0x19,0x00
0x81,0x1b,0x00
0x81,0x1c,0x00
0x81,0x1d,0x00
0x81,0x1e,0x00
0x81,0x1f,0x00
0x81,0x20,0x00
0x81,0x21,0x00
0x81,0x23,0x00
0x81,0x24,0x00
0x81,0x25,0x00
0x81,0x26,0x00
0x81,0x27,0x00
0x81,0x28,0x00
0x81,0x29,0x00
0x81,0x2b,0x00
0x81,0x2c,0x00
0x81,0x2d,0x00
0x81,0x2e,0x00
0x81,0x2f,0x00
0x81,0x30,0x00
0x81,0x31,0x00
0x81,0x33,0x00
0x81,0x34,0x00
0x81,0x35,0x00
0x81,0x36,0x00
0x81,0x37,0x00
0x81,0x38,0x00
0x81,0x39,0x00
0x81,0x3a,0x00
0x81,0x3b,0x00
0x81,0x3c,0x00
0x81,0x3d,0x00
0x81,0x3e,0x00
0x81,0x3f,0x00
0x81,0x40,0x00
0x81,0x41,0x00
0x81,0x42,0x00
0x81,0x43,0x00
0x81,0x44,0x00
0x81,0x45,0x00
0x81,0x46,0x00
0x81,0x47,0x00
0x81,0x48,0x00
0x81,0x49,0x00
0x81,0x4a,0x00
0x81,0x4b,0x00
0x81,0x4c,0x00
0x81,0x4d,0x00
0x81,0x4e,0x00
0x81,0x4f,0x00
0x81,0x50,0x00
0x81,0x51,0x00
0x81,0x52,0x00
0x81,0x53,0x00
0x81,0x54,0x00
0x81,0x55,0x00
0x81,0x56,0x00
0x81,0x57,0x00
0x81,0x58,0x00
0x81,0x59,0x00
0x81,0x5a,0x00
0x81,0x5b,0x00
0x81,0x5c,0x00
0x81,0x5d,0x00
0x81,0x5e,0x00
0x81,0x5f,0x00
0x81,0x60,0x00
0x81,0x61,0x00
0x81,0x62,0x00
0x81,0x63,0x00
0x81,0x64,0x00
0x81,0x65,0x00
0x81,0x66,0x00
0x81,0x67,0x00
0x81,0x68,0x00
0x81,0x69,0x00
0x81,0x6a,0x00
0x81,0x6b,0x00
0x81,0x6c,0x00
0x81,0x6d,0x00
0x81,0x6e,0x00
0x81,0x71,0x00
0x81,0x72,0x00
0x81,0x73,0x00
0x81,0x74,0x00
0x81,0x7c,0x00
0x81,0x7d,0x00
0x81,0x82,0x00
0x81,0x83,0x00
0x81,0x84,0x00
0x81,0x85,0x00
0x81,0x88,0x00
0x9f,0xfd,0x00
0x9f,0xfe,0x00
0x9f,0xff,0x00
